{
  "current_mood": "Neutral",
  "momentum": 0.05809888887543809,
  "energy": 0.8599999999999999,
  "timestamp": 1767910586.8276238
}