{
  "current_mood": "Neutral",
  "momentum": 0.10520699419378174,
  "energy": 0.1,
  "timestamp": 1768520817.678762
}