{
  "current_mood": "Neutral",
  "momentum": -0.05984005403351564,
  "energy": 0.98,
  "timestamp": 1767493219.538646
}