{
  "current_mood": "Neutral",
  "momentum": 0.011534657568863124,
  "energy": 0.6199999999999997,
  "timestamp": 1768177846.272026
}