{
  "current_mood": "Neutral",
  "momentum": 0.09688740247493698,
  "energy": 0.3199999999999994,
  "timestamp": 1768251642.554986
}